date,total_market_cap_billion,total_volume_billion,avg_return_pct,avg_volatility_pct,avg_sentiment,avg_fear_greed,coins_in_data,pct_coins_positive,year,month
2018-01,734.147,16.582,2.802,16.041,-0.213,36.765,17,58.824,2018,1
2018-02,685.724,13.178,3.244,16.047,-0.226,40.765,17,58.824,2018,2
2018-03,865.908,14.115,-7.728,16.188,-0.319,39.353,17,23.529,2018,3
2018-04,757.342,9.477,-4.666,18.347,-0.378,38.765,17,41.176,2018,4
2018-05,770.68,10.012,1.669,16.388,-0.277,38.471,17,70.588,2018,5
2018-06,721.527,12.319,-2.076,18.188,-0.39,41.588,17,35.294,2018,6
2018-07,659.831,11.041,-7.491,15.294,-0.382,36.529,17,29.412,2018,7
2018-08,585.005,11.725,-4.876,14.253,-0.417,35.235,17,29.412,2018,8
2018-09,550.469,5.048,-4.551,17.576,-0.241,38.765,17,23.529,2018,9
2018-10,635.578,7.938,-5.908,18.165,-0.268,34.235,17,35.294,2018,10
2018-11,645.485,6.944,-0.969,17.1,-0.268,41.294,17,35.294,2018,11
2018-12,532.42,5.934,-6.872,17.171,-0.275,31.824,17,35.294,2018,12
2019-01,625.811,12.543,25.27,15.371,-0.316,35.5,24,70.833,2019,1
2019-02,818.543,11.937,5.978,15.625,-0.228,34.875,24,62.5,2019,2
2019-03,811.541,11.275,15.286,17.012,-0.233,38.5,24,79.167,2019,3
2019-04,712.501,18.785,2.525,16.421,-0.308,37.333,24,50.0,2019,4
2019-05,888.479,10.628,12.463,16.183,-0.203,40.125,24,75.0,2019,5
2019-06,978.354,18.684,9.07,16.429,-0.183,39.333,24,70.833,2019,6
2019-07,982.332,20.153,6.421,16.208,0.004,36.167,24,66.667,2019,7
2019-08,958.692,12.793,4.052,16.846,-0.128,42.625,24,58.333,2019,8
2019-09,1076.006,12.575,10.04,17.521,-0.137,41.375,24,70.833,2019,9
2019-10,1167.467,20.363,7.757,16.854,-0.071,45.292,24,66.667,2019,10
2019-11,1070.55,21.368,6.507,16.262,-0.107,43.25,24,58.333,2019,11
2019-12,1106.243,25.126,6.092,16.067,-0.18,44.875,24,58.333,2019,12
2020-01,840497.608,18.273,-6.616,15.758,-0.073,45.194,36,33.333,2020,1
2020-02,1159545.976,18.288,19.646,16.278,-0.048,48.694,36,86.111,2020,2
2020-03,1078253.5,29.022,14.423,18.047,0.008,51.0,36,72.222,2020,3
2020-04,1443284.04,16.952,20.188,17.125,0.008,51.028,36,86.111,2020,4
2020-05,1259618.178,22.227,11.952,16.711,0.072,51.583,36,66.667,2020,5
2020-06,1992381.7,32.651,15.06,16.844,0.152,55.778,36,80.556,2020,6
2020-07,1909175.189,37.013,13.204,17.736,0.169,58.361,36,69.444,2020,7
2020-08,2404358.642,36.087,16.416,17.778,0.216,62.5,36,75.0,2020,8
2020-09,2269112.719,50.506,5.903,15.353,0.189,61.111,36,75.0,2020,9
2020-10,2570075.131,53.283,11.779,15.433,0.404,67.889,36,75.0,2020,10
2020-11,3171222.152,48.906,14.39,16.961,0.468,66.389,36,77.778,2020,11
2020-12,2520221.063,66.277,3.702,17.814,0.538,72.222,36,52.778,2020,12
2021-01,3840156.451,66.854,28.474,17.565,0.733,78.275,40,97.5,2021,1
2021-02,4388794.356,45.869,5.213,17.102,0.689,79.675,40,57.5,2021,2
2021-03,4140149.05,82.276,2.969,16.59,0.775,80.75,40,52.5,2021,3
2021-04,4775823.267,66.482,7.804,16.288,0.719,84.925,40,62.5,2021,4
2021-05,2651435.343,42.129,-43.307,16.382,0.388,61.375,40,0.0,2021,5
2021-06,2690048.972,64.591,3.967,17.1,0.318,63.075,40,55.0,2021,6
2021-07,2697231.854,37.728,5.589,16.75,0.404,65.05,40,67.5,2021,7
2021-08,2401722.248,50.735,5.604,15.29,0.328,66.9,40,62.5,2021,8
2021-09,2240860.978,37.148,-2.79,17.12,0.448,61.975,40,32.5,2021,9
2021-10,2492804.472,43.944,6.207,15.34,0.508,66.85,40,67.5,2021,10
2021-11,2580857.238,40.62,6.444,16.945,0.414,68.35,40,67.5,2021,11
2021-12,2296202.177,35.854,-28.264,16.908,0.155,60.25,40,0.0,2021,12
2022-01,1110879.04,22.734,-38.853,15.388,-0.053,45.714,42,2.381,2022,1
2022-02,1054921.842,28.956,-15.766,16.112,-0.135,41.857,42,11.905,2022,2
2022-03,811764.551,29.03,-12.017,17.598,-0.153,40.5,42,23.81,2022,3
2022-04,740740.721,15.164,-21.211,16.519,-0.247,40.667,42,9.524,2022,4
2022-05,533913.055,16.392,-24.501,14.471,-0.237,37.429,42,7.143,2022,5
2022-06,314727.232,9.44,-45.235,17.252,-0.384,31.857,42,2.381,2022,6
2022-07,250421.533,8.885,3.236,17.079,-0.423,33.119,42,47.619,2022,7
2022-08,312907.341,6.386,7.139,16.317,-0.438,33.381,42,59.524,2022,8
2022-09,282865.411,8.926,4.12,16.205,-0.409,34.786,42,57.143,2022,9
2022-10,284292.205,11.737,1.43,17.326,-0.317,34.881,42,42.857,2022,10
2022-11,309271.688,15.088,6.637,16.34,-0.417,33.667,42,61.905,2022,11
2022-12,309314.255,9.786,2.985,16.219,-0.383,34.333,42,52.381,2022,12
2023-01,927327.304,18.789,89.505,16.119,-0.208,41.896,48,97.917,2023,1
2023-02,1030094.457,20.718,16.677,16.621,-0.174,39.708,48,77.083,2023,2
2023-03,979612.677,20.396,11.51,15.869,-0.199,41.958,48,60.417,2023,3
2023-04,1388633.694,16.117,13.629,15.871,-0.14,43.875,48,68.75,2023,4
2023-05,1366250.418,23.919,13.334,17.423,-0.054,41.917,48,75.0,2023,5
2023-06,1641492.643,19.549,8.249,17.085,-0.051,48.75,48,60.417,2023,6
2023-07,1792525.405,26.492,15.115,16.577,-0.105,46.354,48,79.167,2023,7
2023-08,1952417.923,27.446,11.986,17.138,0.045,50.021,48,68.75,2023,8
2023-09,2584858.815,25.634,10.473,14.485,0.026,53.375,48,62.5,2023,9
2023-10,2855550.022,28.383,10.312,16.04,0.112,54.104,48,77.083,2023,10
2023-11,2818614.001,44.234,7.134,16.498,0.072,51.271,48,60.417,2023,11
2023-12,3365275.903,41.07,11.295,16.006,0.146,58.646,48,72.917,2023,12
2024-01,5369753.43,51.793,40.503,16.828,0.34,66.64,50,100.0,2024,1
2024-02,6416695.271,59.811,14.919,16.92,0.361,67.44,50,72.0,2024,2
2024-03,8483779.523,59.728,15.304,16.546,0.494,71.98,50,78.0,2024,3
2024-04,8429597.413,48.989,10.87,16.49,0.542,72.74,50,66.0,2024,4
2024-05,9276611.318,81.61,-1.8,17.138,0.554,72.46,50,40.0,2024,5
2024-06,9973652.938,57.508,1.287,15.554,0.628,72.78,50,40.0,2024,6
2024-07,6426329.474,51.31,-20.276,17.422,0.398,63.28,50,14.0,2024,7
2024-08,6200337.879,44.69,1.75,16.028,0.413,65.42,50,48.0,2024,8
2024-09,6524552.026,36.871,2.395,16.702,0.462,62.8,50,54.0,2024,9
2024-10,7061903.042,46.964,3.434,17.16,0.416,69.14,50,54.0,2024,10
2024-11,6641897.787,53.311,3.482,16.476,0.501,65.68,50,44.0,2024,11
2024-12,6453765.248,81.148,3.783,15.788,0.445,65.96,50,54.0,2024,12
2025-01,7891203.132,63.519,7.773,16.58,0.597,68.04,50,64.0,2025,1
2025-02,7578429.342,55.028,7.797,15.316,0.591,71.38,50,64.0,2025,2
2025-03,8723313.272,74.441,3.064,16.938,0.612,74.12,50,52.0,2025,3
2025-04,10427946.831,69.901,5.459,16.432,0.601,73.42,50,62.0,2025,4
2025-05,9713000.183,63.331,6.918,15.868,0.538,73.44,50,66.0,2025,5
2025-06,10978492.62,62.003,1.944,16.674,0.598,78.96,50,50.0,2025,6
2025-07,12082008.863,67.561,4.408,17.328,0.612,75.2,50,60.0,2025,7
2025-08,11836994.401,55.055,3.517,16.046,0.673,74.74,50,58.0,2025,8
2025-09,11484934.756,80.735,0.924,17.17,0.648,78.12,50,52.0,2025,9
2025-10,11781000.437,63.001,-1.003,15.868,0.658,74.92,50,44.0,2025,10
2025-11,11098900.346,56.577,4.446,15.818,0.707,76.42,50,60.0,2025,11
2025-12,10976962.016,61.019,-0.378,15.95,0.706,76.4,50,44.0,2025,12
2026-01,10964510.657,48.668,-5.969,16.048,0.61,72.32,50,32.0,2026,1
2026-02,9659225.217,66.583,-1.114,16.236,0.529,72.44,50,42.0,2026,2
2026-03,9140293.022,85.571,4.009,17.398,0.555,73.5,50,56.0,2026,3
